Device/Package: P1P060N0V324C7,,,,,,,,,,,,,,,,
,,,,,,,,,,,,,,,,
Pin,Pin Name,Signal Name,Bank,Pin Type,Direction,Fast Input,Fast Output,Fast OE,IO Standard,Driving Strength,Bus Keeper,Slew Rate,Transceiver I/O Termination,Input DelayOutput Delay
A1,GND,,-,GND,,,,,,,,,,,,
A18,GND,,-,GND,,,,,,,,,,,,
C11,GND,,-,GND,,,,,,,,,,,,
C12,GND,,-,GND,,,,,,,,,,,,
D16,GND,,-,GND,,,,,,,,,,,,
E16,GND,,-,GND,,,,,,,,,,,,
G3,GND,,-,GND,,,,,,,,,,,,
G6,GND,,-,GND,,,,,,,,,,,,
G8,GND,,-,GND,,,,,,,,,,,,
G10,GND,,-,GND,,,,,,,,,,,,
G12,GND,,-,GND,,,,,,,,,,,,
H7,GND,,-,GND,,,,,,,,,,,,
H9,GND,,-,GND,,,,,,,,,,,,
H11,GND,,-,GND,,,,,,,,,,,,
H13,GND,,-,GND,,,,,,,,,,,,
J4,GND,,-,GND,,,,,,,,,,,,
J6,GND,,-,GND,,,,,,,,,,,,
J8,GND,,-,GND,,,,,,,,,,,,
J10,GND,,-,GND,,,,,,,,,,,,
J12,GND,,-,GND,,,,,,,,,,,,
J16,GND,,-,GND,,,,,,,,,,,,
K1,GND,,-,GND,,,,,,,,,,,,
K5,GND,,-,GND,,,,,,,,,,,,
K7,GND,,-,GND,,,,,,,,,,,,
K9,GND,,-,GND,,,,,,,,,,,,
K11,GND,,-,GND,,,,,,,,,,,,
L6,GND,,-,GND,,,,,,,,,,,,
L8,GND,,-,GND,,,,,,,,,,,,
L10,GND,,-,GND,,,,,,,,,,,,
L12,GND,,-,GND,,,,,,,,,,,,
L17,GND,,-,GND,,,,,,,,,,,,
M5,GND,,-,GND,,,,,,,,,,,,
M7,GND,,-,GND,,,,,,,,,,,,
M9,GND,,-,GND,,,,,,,,,,,,
M11,GND,,-,GND,,,,,,,,,,,,
N15,GND,,-,GND,,,,,,,,,,,,
R8,GND,,-,GND,,,,,,,,,,,,
R17,GND,,-,GND,,,,,,,,,,,,
T5,GND,,-,GND,,,,,,,,,,,,
T8,GND,,-,GND,,,,,,,,,,,,
V18,GND,,-,GND,,,,,,,,,,,,
E9,GND,,-,GND,,,,,,,,,,,,
T12,GND,,-,GND,,,,,,,,,,,,
U12,PLL0_VDDIO,,-,VDDIO,,,,,,,,,,,,
G5,VDD,,-,VDD,,,,,,,,,,,,
G7,VDD,,-,VDD,,,,,,,,,,,,
G9,VDD,,-,VDD,,,,,,,,,,,,
G11,VDD,,-,VDD,,,,,,,,,,,,
G13,VDD,,-,VDD,,,,,,,,,,,,
H6,VDD,,-,VDD,,,,,,,,,,,,
H8,VDD,,-,VDD,,,,,,,,,,,,
H10,VDD,,-,VDD,,,,,,,,,,,,
H12,VDD,,-,VDD,,,,,,,,,,,,
J7,VDD,,-,VDD,,,,,,,,,,,,
J9,VDD,,-,VDD,,,,,,,,,,,,
J11,VDD,,-,VDD,,,,,,,,,,,,
J13,VDD,,-,VDD,,,,,,,,,,,,
K6,VDD,,-,VDD,,,,,,,,,,,,
K8,VDD,,-,VDD,,,,,,,,,,,,
K10,VDD,,-,VDD,,,,,,,,,,,,
K12,VDD,,-,VDD,,,,,,,,,,,,
L7,VDD,,-,VDD,,,,,,,,,,,,
L9,VDD,,-,VDD,,,,,,,,,,,,
L11,VDD,,-,VDD,,,,,,,,,,,,
L13,VDD,,-,VDD,,,,,,,,,,,,
M6,VDD,,-,VDD,,,,,,,,,,,,
M8,VDD,,-,VDD,,,,,,,,,,,,
M10,VDD,,-,VDD,,,,,,,,,,,,
M12,VDD,,-,VDD,,,,,,,,,,,,
B8,VDDIO33,,-,VDDIO33,,,,,,,,,,,,
V12,VDDIO33,,-,VDDIO33,,,,,,,,,,,,
C8,VDDIO33,,-,VDDIO33,,,,,,,,,,,,
V11,VDDIO33,,-,VDDIO33,,,,,,,,,,,,
R7,VDDIO_303,,-,VDDIO,,,,,,,,,,,,
T7,VDDIO_303,,-,VDDIO,,,,,,,,,,,,
B4,VDDIO_304,,-,VDDIO,,,,,,,,,,,,
C5,VDDIO_304,,-,VDDIO,,,,,,,,,,,,
D8,VDDIO_PLL1,,-,VDDIO,,,,,,,,,,,,
M3,VDD_GX,,-,VDD,,,,,,,,,,,,
J3,DDR_CLK0_N[0],,0,DDR,,,,,,,,,,,,
N2,DDR_DQS[0],,0,DDR,,,,,,,,,,,,
R4,DDR_DQS[1],,0,DDR,,,,,,,,,,,,
T3,DDR_DQS[2],,0,DDR,,,,,,,,,,,,
M2,DDR_DQS_N[0],,0,DDR,,,,,,,,,,,,
R5,DDR_DQS_N[1],,0,DDR,,,,,,,,,,,,
U3,DDR_DQS_N[2],,0,DDR,,,,,,,,,,,,
G4,DDR_VREF,,0,DDR,,,,,,,,,,,,
L1,DDR_VREF,,0,DDR,,,,,,,,,,,,
H4,DDR_ZQ0,,0,DDR,,,,,,,,,,,,
F2,IO_DDR_ADDR[0],,0,DDR,,,,,,,,,,,,
H3,IO_DDR_ADDR[10],,0,DDR,,,,,,,,,,,,
D3,IO_DDR_ADDR[11],,0,DDR,,,,,,,,,,,,
F3,IO_DDR_ADDR[12],,0,DDR,,,,,,,,,,,,
C2,IO_DDR_ADDR[13],,0,DDR,,,,,,,,,,,,
C3,IO_DDR_ADDR[14],,0,DDR,,,,,,,,,,,,
E3,IO_DDR_ADDR[1],,0,DDR,,,,,,,,,,,,
E2,IO_DDR_ADDR[2],,0,DDR,,,,,,,,,,,,
F1,IO_DDR_ADDR[3],,0,DDR,,,,,,,,,,,,
E4,IO_DDR_ADDR[4],,0,DDR,,,,,,,,,,,,
E1,IO_DDR_ADDR[5],,0,DDR,,,,,,,,,,,,
D4,IO_DDR_ADDR[6],,0,DDR,,,,,,,,,,,,
D1,IO_DDR_ADDR[7],,0,DDR,,,,,,,,,,,,
C4,IO_DDR_ADDR[8],,0,DDR,,,,,,,,,,,,
D2,IO_DDR_ADDR[9],,0,DDR,,,,,,,,,,,,
G1,IO_DDR_BA[0],,0,DDR,,,,,,,,,,,,
F4,IO_DDR_BA[1],,0,DDR,,,,,,,,,,,,
G2,IO_DDR_BA[2],,0,DDR,,,,,,,,,,,,
J2,IO_DDR_CAS_N,,0,DDR,,,,,,,,,,,,
J5,IO_DDR_CKE,,0,DDR,,,,,,,,,,,,
K3,IO_DDR_CLK0[0],,0,DDR,,,,,,,,,,,,
H1,IO_DDR_CS0_N[0],,0,DDR,,,,,,,,,,,,
R1,IO_DDR_DM[1],,0,DDR,,,,,,,,,,,,
R2,IO_DDR_DM[2],,0,DDR,,,,,,,,,,,,
U5,IO_DDR_DQ[10],,0,DDR,,,,,,,,,,,,
P1,IO_DDR_DQ[11],,0,DDR,,,,,,,,,,,,
V4,IO_DDR_DQ[12],,0,DDR,,,,,,,,,,,,
U1,IO_DDR_DQ[13],,0,DDR,,,,,,,,,,,,
V5,IO_DDR_DQ[14],,0,DDR,,,,,,,,,,,,
U2,IO_DDR_DQ[15],,0,DDR,,,,,,,,,,,,
T2,IO_DDR_DQ[17],,0,DDR,,,,,,,,,,,,
T4,IO_DDR_DQ[18],,0,DDR,,,,,,,,,,,,
T1,IO_DDR_DQ[19],,0,DDR,,,,,,,,,,,,
V3,IO_DDR_DQ[20],,0,DDR,,,,,,,,,,,,
V1,IO_DDR_DQ[21],,0,DDR,,,,,,,,,,,,
N4,IO_DDR_DQ[3],,0,DDR,,,,,,,,,,,,
C1,IO_DDR_RESET_N,,0,DDR,,,,,,,,,,,,
D5,DDR_AVDD_PLL,,-,VDD,,,,,,,,,,,,
P3,IO_DDR_DM[0],,0,DDR,,,,,,,,,,,,
P2,IO_DDR_DQ[0],,0,DDR,,,,,,,,,,,,
L2,IO_DDR_DQ[4],,0,DDR,,,,,,,,,,,,
F5,DDR_VDDP,,-,DDR_VDDP,,,,,,,,,,,,
H5,DDR_VDDP,,-,DDR_VDDP,,,,,,,,,,,,
M1,IO_DDR_DQ[6],,0,DDR,,,,,,,,,,,,
P4,IO_DDR_DQ[8],,0,DDR,,,,,,,,,,,,
J1,IO_DDR_ODT,,0,DDR,,,,,,,,,,,,
K4,DDR_VDDP,,-,DDR_VDDP,,,,,,,,,,,,
L5,DDR_VDDP,,-,DDR_VDDP,,,,,,,,,,,,
M4,DDR_VDDP,,-,DDR_VDDP,,,,,,,,,,,,
R3,IO_DDR_DQ[16],,0,DDR,,,,,,,,,,,,
P5,DDR_VDDP,,-,DDR_VDDP,,,,,,,,,,,,
U4,IO_DDR_DQ[22],,0,DDR,,,,,,,,,,,,
V2,IO_DDR_DQ[23],,0,DDR,,,,,,,,,,,,
N1,IO_DDR_DQ[2],,0,DDR,,,,,,,,,,,,
L4,IO_DDR_DQ[5],,0,DDR,,,,,,,,,,,,
L3,IO_DDR_DQ[7],,0,DDR,,,,,,,,,,,,
N5,IO_DDR_DQ[9],,0,DDR,,,,,,,,,,,,
K2,IO_DDR_RAS_N,,0,DDR,,,,,,,,,,,,
E5,GND,,-,GND,,,,,,,,,,,,
N3,IO_DDR_DQ[1],,0,DDR,,,,,,,,,,,,
H2,IO_DDR_WE_N,,0,DDR,,,,,,,,,,,,
R10,ADC_VREFN,,1,ADC,,,,,,,,,,,,
T10,ADC_VREFP,,1,ADC,,,,,,,,,,,,
A8,VDDQ_EFUSE,,3,VDDQ_EFUSE,,,,,,,,,,,,
F6,CRST_N_4,,4,CFG,,,,,,,,,,,,
P9,IO_14_SEU_FAIL_4,,4,GPIO,,,,,,,,,,,,
P8,IO_15_PS_BUSY_4,,4,GPIO,,,,,,,,,,,,
N12,IO_16_PS_D15_4,,4,GPIO,,,,,,,,,,,,
N11,IO_17_PS_D14_4,,4,GPIO,,,,,,,,,,,,
N10,IO_18_PS_D13_4,,4,GPIO,,,,,,,,,,,,
N9,IO_19_PS_D12_4,,4,GPIO,,,,,,,,,,,,
N8,IO_20_PS_D11_4,,4,GPIO,,,,,,,,,,,,
F7,IO_21_PS_D10_4,,4,GPIO,,,,,,,,,,,,
E7,IO_22_PS_D9_4,,4,GPIO,,,,,,,,,,,,
E6,IO_23_PS_D8_4,,4,GPIO,,,,,,,,,,,,
E11,IO_24_PS_D7_4,,4,GPIO,,,,,,,,,,,,
E12,IO_25_PS_D6_4,,4,GPIO,,,,,,,,,,,,
E13,IO_26_PS_D5_4,,4,GPIO,,,,,,,,,,,,
E10,IO_27_PS_D4_4,,4,GPIO,,,,,,,,,,,,
F8,IO_28_HOLD_D3_4,,4,GPIO,,,,,,,,,,,,
F9,IO_29_WP_D2_4,,4,GPIO,,,,,,,,,,,,
F10,SCK_4,,4,CFG,,,,,,,,,,,,
F11,SDI_D0_4,,4,CFG,,,,,,,,,,,,
F12,SDO_D1_4,,4,CFG,,,,,,,,,,,,
F13,SS_B_4,,4,CFG,,,,,,,,,,,,
E8,VDDIO_4,,4,VDDIO,,,,,,,,,,,,
P12,IO_12_CDONE_5,,5,GPIO,,,,,,,,,,,,
P10,IO_13_FLS_16_24_5,,5,GPIO,,,,,,,,,,,,
R11,TCK_5,,5,CFG,,,,,,,,,,,,
T11,TDI_5,,5,CFG,,,,,,,,,,,,
R12,TDO_5,,5,CFG,,,,,,,,,,,,
P11,TMS_5,,5,CFG,,,,,,,,,,,,
U11,VDDIO_5,,5,VDDIO,,,,,,,,,,,,
R9,GND,,6,GND,,,,,,,,,,,,
T9,VDDADC,,6,VDD,,,,,,,,,,,,
P14,IO_01N_201,,201,LVDS,,,,,,,,,,,,
P13,IO_01P_201,,201,LVDS,,,,,,,,,,,,
N18,IO_02N_201,,201,LVDS,,,,,,,,,,,,
P18,IO_02P_201,,201,LVDS,,,,,,,,,,,,
R18,IO_03N_201,,201,LVDS,,,,,,,,,,,,
T18,IO_03P_201,,201,LVDS,,,,,,,,,,,,
N16,IO_04N_201,,201,LVDS,,,,,,,,,,,,
P15,IO_04P_201,,201,LVDS,,,,,,,,,,,,
U18,IO_05N_201,,201,LVDS,,,,,,,,,,,,
V17,IO_05P_201,,201,LVDS,,,,,,,,,,,,
N14,IO_06N_201,,201,LVDS,,,,,,,,,,,,
N13,IO_06P_201,,201,LVDS,,,,,,,,,,,,
R14,IO_07N_201,,201,LVDS,,,,,,,,,,,,
R13,IO_07P_201,,201,LVDS,,,,,,,,,,,,
M17,IO_08N_201,,201,LVDS,,,,,,,,,,,,
N17,IO_08P_201,,201,LVDS,,,,,,,,,,,,
U14,VDDIO_201,,201,VDDIO,,,,,,,,,,,,
U15,VDDIO_201,,201,VDDIO,,,,,,,,,,,,
R15,IO_09N_202,,202,LVDS,,,,,,,,,,,,
R16,IO_09P_202,,202,LVDS,,,,,,,,,,,,
M16,IO_10N_202,,202,LVDS,,,,,,,,,,,,
M15,IO_10P_202,,202,LVDS,,,,,,,,,,,,
T17,IO_11N_202,,202,LVDS,,,,,,,,,,,,
U17,IO_11P_CC_202,,202,LVDS/CLOCK,,,,,,,,,,,,
M14,IO_12N_202,,202,LVDS,,,,,,,,,,,,
M13,IO_12P_CC_202,,202,LVDS/CLOCK,,,,,,,,,,,,
T16,IO_13N_202,,202,LVDS,,,,,,,,,,,,
T15,IO_13P_CC_202,,202,LVDS/CLOCK,,,,,,,,,,,,
L18,IO_14N_202,,202,LVDS,,,,,,,,,,,,
M18,IO_14P_CC_202,,202,LVDS/CLOCK,,,,,,,,,,,,
T13,IO_15N_202,,202,LVDS,,,,,,,,,,,,
T14,IO_15P_202,,202,LVDS,,,,,,,,,,,,
J18,IO_16N_202,,202,LVDS,,,,,,,,,,,,
K18,IO_16P_202,,202,LVDS,,,,,,,,,,,,
P16,VDDIO_202,,202,VDDIO,,,,,,,,,,,,
P17,VDDIO_202,,202,VDDIO,,,,,,,,,,,,
U16,IO_17N_203,,203,LVDS,,,,,,,,,,,,
V16,IO_17P_203,,203,LVDS,,,,,,,,,,,,
L15,IO_18N_203,,203,LVDS,,,,,,,,,,,,
L14,IO_18P_203,,203,LVDS,,,,,,,,,,,,
V15,IO_19N_203,,203,LVDS,,,,,,,,,,,,
V14,IO_19P_203,,203,LVDS,,,,,,,,,,,,
K15,IO_20N_203,,203,LVDS,,,,,,,,,,,,
L16,IO_20P_GC_203,,203,LVDS/CLOCK,,,,,,,,,,,,
U13,IO_21N_203,,203,LVDS,,,,,,,,,,,,
V13,IO_21P_GC_203,,203,LVDS/CLOCK,,,,,,,,,,,,
H18,IO_22N_203,,203,LVDS,,,,,,,,,,,,
J17,IO_22P_203,,203,LVDS,,,,,,,,,,,,
K14,IO_23N_203,,203,LVDS,,,,,,,,,,,,
K13,IO_23P_203,,203,LVDS,,,,,,,,,,,,
J15,IO_24N_203,,203,LVDS,,,,,,,,,,,,
J14,IO_24P_203,,203,LVDS,,,,,,,,,,,,
K16,VDDIO_203,,203,VDDIO,,,,,,,,,,,,
K17,VDDIO_203,,203,VDDIO,,,,,,,,,,,,
C9,IO_25N_204,,204,LVDS,,,,,,,,,,,,
D9,IO_25P_204,,204,LVDS,,,,,,,,,,,,
H17,IO_26N_204,,204,LVDS,,,,,,,,,,,,
H16,IO_26P_204,,204,LVDS,,,,,,,,,,,,
A9,IO_27N_204,,204,LVDS,,,,,,,,,,,,
B9,IO_27P_204,,204,LVDS,,,,,,,,,,,,
G18,IO_28N_204,,204,LVDS,,,,,,,,,,,,
F18,IO_28P_GC_204,sysclk_i,204,LVDS/CLOCK,input,false,,,2.5V,,none,,,0,,
C10,IO_29N_204,,204,LVDS,,,,,,,,,,,,
D10,IO_29P_GC_204,,204,LVDS/CLOCK,,,,,,,,,,,,
H15,IO_30N_204,,204,LVDS,,,,,,,,,,,,
H14,IO_30P_204,,204,LVDS,,,,,,,,,,,,
A10,IO_31N_204,,204,LVDS,,,,,,,,,,,,
B10,IO_31P_204,,204,LVDS,,,,,,,,,,,,
G17,IO_32N_204,HDMI_TX_N[1],204,LVDS,output,,false,false,LVDS,,,fastest,external,,0,
G16,IO_32P_204,HDMI_TX_P[1],204,LVDS,output,,false,false,LVDS,,,fastest,external,,0,
F16,VDDIO_204,,204,VDDIO,,,,,,,,,,,,
F17,VDDIO_204,,204,VDDIO,,,,,,,,,,,,
A12,IO_33N_205,,205,LVDS,,,,,,,,,,,,
A11,IO_33P_205,,205,LVDS,,,,,,,,,,,,
E18,IO_34N_205,,205,LVDS,,,,,,,,,,,,
E17,IO_34P_205,,205,LVDS,,,,,,,,,,,,
D12,IO_35N_205,,205,LVDS,,,,,,,,,,,,
D11,IO_35P_CC_205,,205,LVDS/CLOCK,,,,,,,,,,,,
G15,IO_36N_205,HDMI_CLK_N,205,LVDS,output,,false,false,LVDS,,,fastest,external,,0,
G14,IO_36P_CC_205,HDMI_CLK_P,205,LVDS/CLOCK,output,,false,false,LVDS,,,fastest,external,,0,
B16,IO_37N_205,,205,LVDS,,,,,,,,,,,,
A16,IO_37P_CC_205,,205,LVDS/CLOCK,,,,,,,,,,,,
D18,IO_38N_205,,205,LVDS,,,,,,,,,,,,
D17,IO_38P_CC_205,,205,LVDS/CLOCK,,,,,,,,,,,,
B13,IO_39N_205,,205,LVDS,,,,,,,,,,,,
A13,IO_39P_205,,205,LVDS,,,,,,,,,,,,
F15,IO_40N_205,HDMI_TX_N[0],205,LVDS,output,,false,false,LVDS,,,fastest,external,,0,
F14,IO_40P_205,HDMI_TX_P[0],205,LVDS,output,,false,false,LVDS,,,fastest,external,,0,
C16,VDDIO_205,,205,VDDIO,,,,,,,,,,,,
C17,VDDIO_205,,205,VDDIO,,,,,,,,,,,,
B14,IO_41N_206,,206,LVDS,,,,,,,,,,,,
A14,IO_41P_206,,206,LVDS,,,,,,,,,,,,
C18,IO_42N_206,,206,LVDS,,,,,,,,,,,,
B18,IO_42P_206,,206,LVDS,,,,,,,,,,,,
B15,IO_43N_206,,206,LVDS,,,,,,,,,,,,
A15,IO_43P_206,,206,LVDS,,,,,,,,,,,,
B17,IO_44N_206,,206,LVDS,,,,,,,,,,,,
A17,IO_44P_206,,206,LVDS,,,,,,,,,,,,
C13,IO_45N_206,,206,LVDS,,,,,,,,,,,,
D13,IO_45P_206,,206,LVDS,,,,,,,,,,,,
E14,IO_46N_206,,206,LVDS,,,,,,,,,,,,
E15,IO_46P_206,,206,LVDS,,,,,,,,,,,,
D14,IO_47N_206,HDMI_TX_N[2],206,LVDS,output,,false,false,LVDS,,,fastest,external,,0,
C14,IO_47P_206,HDMI_TX_P[2],206,LVDS,output,,false,false,LVDS,,,fastest,external,,0,
D15,IO_48N_206,,206,LVDS,,,,,,,,,,,,
C15,IO_48P_206,,206,LVDS,,,,,,,,,,,,
B11,VDDIO_206,,206,VDDIO,,,,,,,,,,,,
B12,VDDIO_206,,206,VDDIO,,,,,,,,,,,,
U7,IO_17N_303,,303,LVDS,,,,,,,,,,,,
V7,IO_17P_303,,303,LVDS,,,,,,,,,,,,
U6,IO_18N_303,,303,LVDS,,,,,,,,,,,,
V6,IO_18P_303,,303,LVDS,,,,,,,,,,,,
U8,IO_19N_303,,303,LVDS,,,,,,,,,,,,
V8,IO_19P_303,,303,LVDS,,,,,,,,,,,,
P7,IO_20N_303,,303,LVDS,,,,,,,,,,,,
N7,IO_20P_GC_303,,303,LVDS/CLOCK,,,,,,,,,,,,
V9,IO_21N_303,,303,LVDS,,,,,,,,,,,,
U9,IO_21P_GC_303,,303,LVDS/CLOCK,,,,,,,,,,,,
P6,IO_22N_303,,303,LVDS,,,,,,,,,,,,
N6,IO_22P_303,,303,LVDS,,,,,,,,,,,,
V10,IO_23N_303,,303,LVDS,,,,,,,,,,,,
U10,IO_23P_303,,303,LVDS,,,,,,,,,,,,
T6,IO_24N_303,,303,LVDS,,,,,,,,,,,,
R6,IO_24P_303,,303,LVDS,,,,,,,,,,,,
B7,IO_25N_304,,304,LVDS,,,,,,,,,,,,
A7,IO_25P_304,,304,LVDS,,,,,,,,,,,,
B1,IO_26N_304,,304,LVDS,,,,,,,,,,,,
A2,IO_26P_304,,304,LVDS,,,,,,,,,,,,
D7,IO_27N_304,,304,LVDS,,,,,,,,,,,,
C7,IO_27P_304,,304,LVDS,,,,,,,,,,,,
B2,IO_28N_304,,304,LVDS,,,,,,,,,,,,
A3,IO_28P_GC_304,,304,LVDS/CLOCK,,,,,,,,,,,,
B6,IO_29N_304,,304,LVDS,,,,,,,,,,,,
A6,IO_29P_GC_304,,304,LVDS/CLOCK,,,,,,,,,,,,
B3,IO_30N_304,,304,LVDS,,,,,,,,,,,,
A4,IO_30P_304,,304,LVDS,,,,,,,,,,,,
D6,IO_31N_304,,304,LVDS,,,,,,,,,,,,
C6,IO_31P_304,,304,LVDS,,,,,,,,,,,,
B5,IO_32N_304,,304,LVDS,,,,,,,,,,,,
A5,IO_32P_304,,304,LVDS,,,,,,,,,,,,
,,,,,,,,,,,,,,,,
Total Number of Pins,9,,,,,
